<?xml version="1.0" encoding="UTF-8"?>
<Configuration status="WARN">

	<!--Log File Folder -->
	<Properties>
		<Property name="baseDir">logs</Property>
	</Properties>

	<!-- Appender defines where the log massage should be printed -->
	<Appenders>
		<!-- Will create a taskmanager.log file in the logs folder. When it exceeds 
			10MB size, appender will create a folder with current date and a file inside 
			it having the date and the iterator in its name -->
		<RollingFile name="RollingFile"
			fileName="${baseDir}/taskmanagerLog.log"
			filePattern="${baseDir}/$${date:yyyy-MM}/taskmanager-%d{MM-dd-yyyy}-%i.log">
			<PatternLayout>
				<!--Pattern of log info written to file -->
				<Pattern>%d{dd:MM:yyyy - HH:mm:ss.SSS} %-5p %c{2} [%t]: %m%n
				</Pattern>
			</PatternLayout>
			<Policies>
				<SizeBasedTriggeringPolicy size="10MB" />
			</Policies>
		</RollingFile>

		<Console name="Console" target="SYSTEM_OUT">
			<!-- pattern="%d{HH:mm:ss.SSS} [%t] %-5level %logger{36}: %m%n" , %c{2} 
				will show only 2 components of the path -->
			<PatternLayout
				pattern="%d{HH:mm:ss.SSS} [%t] %-5level %c{2}: %m%n" />
		</Console>
	</Appenders>

	<Loggers>
		<Root level="trace">
			<AppenderRef ref="RollingFile" level="error"/>
			<AppenderRef ref="Console" level="info"/>
		</Root>
	</Loggers>
</Configuration>